材料番号,食品名,分量（g）,エネルギー（kcal）,タンパク質,脂質,炭水化物,食塩相当量
1,アマランサス玄穀,100.000000,343.000000,12.700000,6.000000,64.900000,0.000000
2,あわ精白粒,100.000000,346.000000,11.200000,4.400000,69.700000,0.000000
合計,,,689.000000,23.900000,10.400000,134.600000,0.000000
